{"cameraMode":{"drawMode":0,"name":"Shaded","section":"Shading Mode"},"sceneLighting":false,"audioPlay":false,"sceneViewState":{"m_AlwaysRefresh":false,"showFog":true,"showSkybox":false,"showFlares":true,"showImageEffects":true,"showParticleSystems":true,"showVisualEffectGraphs":true,"m_FxEnabled":true},"in2DMode":false,"pivot":{"x":0.033072978258132938,"y":0.17525295913219453,"z":-0.012007475830614567},"rotation":{"x":0.20412197709083558,"y":-0.7796160578727722,"z":0.3191000819206238,"w":0.4987117648124695},"size":0.19787763059139253,"orthographic":true}