{"cameraMode":{"drawMode":0,"name":"Shaded","section":"Shading Mode"},"sceneLighting":false,"audioPlay":false,"sceneViewState":{"m_AlwaysRefresh":false,"showFog":true,"showSkybox":false,"showFlares":true,"showImageEffects":true,"showParticleSystems":true,"showVisualEffectGraphs":true,"m_FxEnabled":true},"in2DMode":false,"pivot":{"x":1.8152767419815064,"y":0.10995516926050186,"z":-1.0209903717041016},"rotation":{"x":-0.06600461155176163,"y":0.7027773261070252,"z":-0.06576504558324814,"w":-0.7053098678588867},"size":0.26171210408210757,"orthographic":false}