{"cameraMode":{"drawMode":0,"name":"Shaded","section":"Shading Mode"},"sceneLighting":false,"audioPlay":false,"sceneViewState":{"m_AlwaysRefresh":false,"showFog":true,"showSkybox":false,"showFlares":true,"showImageEffects":true,"showParticleSystems":true,"showVisualEffectGraphs":true,"m_FxEnabled":true},"in2DMode":false,"pivot":{"x":1.4847363233566285,"y":0.48018500208854678,"z":-0.5919971466064453},"rotation":{"x":-0.48052555322647097,"y":0.015973389148712159,"z":-0.008919662795960904,"w":-0.8768748044967651},"size":0.5912145972251892,"orthographic":false}