{"cameraMode":{"drawMode":0,"name":"Shaded","section":"Shading Mode"},"sceneLighting":false,"audioPlay":false,"sceneViewState":{"m_AlwaysRefresh":false,"showFog":true,"showSkybox":false,"showFlares":true,"showImageEffects":true,"showParticleSystems":true,"showVisualEffectGraphs":true,"m_FxEnabled":true},"in2DMode":false,"pivot":{"x":-0.0025801630690693857,"y":0.035977400839328769,"z":0.0009192787110805512},"rotation":{"x":0.5038177371025086,"y":-0.0007625402649864554,"z":0.0004243411240167916,"w":0.8638346791267395},"size":0.08417991548776627,"orthographic":false}