{"cameraMode":{"drawMode":0,"name":"Shaded","section":"Shading Mode"},"sceneLighting":true,"audioPlay":false,"sceneViewState":{"m_AlwaysRefresh":false,"showFog":true,"showSkybox":true,"showFlares":true,"showImageEffects":true,"showParticleSystems":true,"showVisualEffectGraphs":true,"m_FxEnabled":true},"in2DMode":false,"pivot":{"x":5.240330219268799,"y":4.962769031524658,"z":4.980559349060059},"rotation":{"x":0.27233296632766726,"y":0.0346301794052124,"z":-0.009808224625885487,"w":0.9615300893783569},"size":15.637724876403809,"orthographic":false}