{"cameraMode":{"drawMode":0,"name":"Shaded","section":"Shading Mode"},"sceneLighting":true,"audioPlay":false,"sceneViewState":{"m_AlwaysRefresh":false,"showFog":true,"showSkybox":true,"showFlares":true,"showImageEffects":true,"showParticleSystems":true,"showVisualEffectGraphs":true,"m_FxEnabled":true},"in2DMode":false,"pivot":{"x":18.031719207763673,"y":12.925071716308594,"z":14.673450469970704},"rotation":{"x":-0.28433138132095339,"y":0.008900776505470276,"z":-0.0026594060473144056,"w":-0.9587336182594299},"size":40.460994720458987,"orthographic":false}