{"cameraMode":{"drawMode":0,"name":"Shaded","section":"Shading Mode"},"sceneLighting":true,"audioPlay":false,"sceneViewState":{"m_AlwaysRefresh":false,"showFog":true,"showSkybox":true,"showFlares":true,"showImageEffects":true,"showParticleSystems":true,"showVisualEffectGraphs":true,"m_FxEnabled":true},"in2DMode":false,"pivot":{"x":1922.417236328125,"y":501.16351318359377,"z":445.5816650390625},"rotation":{"x":-0.01049896702170372,"y":-0.0008713735151104629,"z":-0.000011028892004105728,"w":0.9999648332595825},"size":1513.30322265625,"orthographic":false}