{"cameraMode":{"drawMode":0,"name":"Shaded","section":"Shading Mode"},"sceneLighting":true,"audioPlay":false,"sceneViewState":{"m_AlwaysRefresh":false,"showFog":true,"showSkybox":true,"showFlares":true,"showImageEffects":true,"showParticleSystems":true,"showVisualEffectGraphs":true,"m_FxEnabled":true},"in2DMode":false,"pivot":{"x":2.4453084468841554,"y":5.727701663970947,"z":-8.111448287963868},"rotation":{"x":-0.1939808875322342,"y":-0.032082825899124148,"z":0.006294937804341316,"w":-0.9805428981781006},"size":2.4997973442077638,"orthographic":false}