{"cameraMode":{"drawMode":0,"name":"Shaded","section":"Shading Mode"},"sceneLighting":true,"audioPlay":false,"sceneViewState":{"m_AlwaysRefresh":false,"showFog":true,"showSkybox":true,"showFlares":true,"showImageEffects":true,"showParticleSystems":true,"showVisualEffectGraphs":true,"m_FxEnabled":true},"in2DMode":false,"pivot":{"x":439.3220520019531,"y":258.73345947265627,"z":-88.16615295410156},"rotation":{"x":0.05547265708446503,"y":0.003308158600702882,"z":-0.00018135100253857672,"w":0.998457133769989},"size":112.59752655029297,"orthographic":true}