{"cameraMode":{"drawMode":0,"name":"Shaded","section":"Shading Mode"},"sceneLighting":true,"audioPlay":false,"sceneViewState":{"m_AlwaysRefresh":false,"showFog":true,"showSkybox":true,"showFlares":true,"showImageEffects":true,"showParticleSystems":true,"showVisualEffectGraphs":true,"m_FxEnabled":true},"in2DMode":false,"pivot":{"x":2.77752685546875,"y":-2.2865657806396486,"z":-0.8404111862182617},"rotation":{"x":-0.3127788007259369,"y":-0.03219170123338699,"z":0.010609975084662438,"w":-0.9492124915122986},"size":10.806699752807618,"orthographic":false}