{"cameraMode":{"drawMode":0,"name":"Shaded","section":"Shading Mode"},"sceneLighting":true,"audioPlay":false,"sceneViewState":{"m_AlwaysRefresh":false,"showFog":true,"showSkybox":true,"showFlares":true,"showImageEffects":true,"showParticleSystems":true,"showVisualEffectGraphs":true,"m_FxEnabled":true},"in2DMode":false,"pivot":{"x":0.9893271923065186,"y":-47.965919494628909,"z":43.548072814941409},"rotation":{"x":0.39247944951057436,"y":0.026496045291423799,"z":-0.011310223489999771,"w":0.9193130135536194},"size":36.8674430847168,"orthographic":false}