{"cameraMode":{"drawMode":0,"name":"Shaded","section":"Shading Mode"},"sceneLighting":true,"audioPlay":false,"sceneViewState":{"m_AlwaysRefresh":false,"showFog":true,"showSkybox":true,"showFlares":true,"showImageEffects":true,"showParticleSystems":true,"showVisualEffectGraphs":true,"m_FxEnabled":true},"in2DMode":false,"pivot":{"x":590.3709716796875,"y":305.71826171875,"z":-39.959747314453128},"rotation":{"x":0.017992062494158746,"y":0.027619393542408944,"z":-0.0005197551799938083,"w":0.9994751214981079},"size":432.2989196777344,"orthographic":true}