{"cameraMode":{"drawMode":0,"name":"Shaded","section":"Shading Mode"},"sceneLighting":true,"audioPlay":false,"sceneViewState":{"m_AlwaysRefresh":false,"showFog":true,"showSkybox":true,"showFlares":true,"showImageEffects":true,"showParticleSystems":true,"showVisualEffectGraphs":true,"m_FxEnabled":true},"in2DMode":false,"pivot":{"x":16.564708709716798,"y":-55.86643981933594,"z":50.31822967529297},"rotation":{"x":-0.3777247667312622,"y":0.00022224223357625306,"z":-0.00023435152252204716,"w":-0.925998866558075},"size":68.54988861083985,"orthographic":false}