{"cameraMode":{"drawMode":0,"name":"Shaded","section":"Shading Mode"},"sceneLighting":true,"audioPlay":false,"sceneViewState":{"m_AlwaysRefresh":false,"showFog":true,"showSkybox":true,"showFlares":true,"showImageEffects":true,"showParticleSystems":true,"showVisualEffectGraphs":true,"m_FxEnabled":true},"in2DMode":false,"pivot":{"x":5.894240379333496,"y":-57.26116180419922,"z":106.11527252197266},"rotation":{"x":-0.28001412749290469,"y":0.011793999932706356,"z":-0.0035036341287195684,"w":-0.960006833076477},"size":75.2113037109375,"orthographic":false}