{"cameraMode":{"drawMode":0,"name":"Shaded","section":"Shading Mode"},"sceneLighting":true,"audioPlay":false,"sceneViewState":{"m_AlwaysRefresh":false,"showFog":true,"showSkybox":true,"showFlares":true,"showImageEffects":true,"showParticleSystems":true,"showVisualEffectGraphs":true,"m_FxEnabled":true},"in2DMode":false,"pivot":{"x":-3.465498447418213,"y":-16.363401412963868,"z":22.917688369750978},"rotation":{"x":-0.26236361265182497,"y":0.11172661930322647,"z":-0.030598534271121026,"w":-0.9580104351043701},"size":15.385483741760254,"orthographic":false}