{"cameraMode":{"drawMode":0,"name":"Shaded","section":"Shading Mode"},"sceneLighting":true,"audioPlay":false,"sceneViewState":{"m_AlwaysRefresh":false,"showFog":true,"showSkybox":true,"showFlares":true,"showImageEffects":true,"showParticleSystems":true,"showVisualEffectGraphs":true,"m_FxEnabled":true},"in2DMode":false,"pivot":{"x":640.7210083007813,"y":406.2726745605469,"z":186.3616943359375},"rotation":{"x":0.0135009391233325,"y":-0.0023723402991890909,"z":0.00001651992897677701,"w":0.9999292492866516},"size":234.9535675048828,"orthographic":false}