{"cameraMode":{"drawMode":0,"name":"Shaded","section":"Shading Mode"},"sceneLighting":true,"audioPlay":false,"sceneViewState":{"m_AlwaysRefresh":false,"showFog":true,"showSkybox":true,"showFlares":true,"showImageEffects":true,"showParticleSystems":true,"showVisualEffectGraphs":true,"m_FxEnabled":true},"in2DMode":false,"pivot":{"x":881.7582397460938,"y":217.8547821044922,"z":199.53900146484376},"rotation":{"x":0.0030002379789948465,"y":0.003627531696110964,"z":-0.000027763526304624975,"w":1.0000100135803223},"size":615.48046875,"orthographic":false}