{"cameraMode":{"drawMode":0,"name":"Shaded","section":"Shading Mode"},"sceneLighting":true,"audioPlay":false,"sceneViewState":{"m_AlwaysRefresh":false,"showFog":true,"showSkybox":true,"showFlares":true,"showImageEffects":true,"showParticleSystems":true,"showVisualEffectGraphs":true,"m_FxEnabled":true},"in2DMode":false,"pivot":{"x":513.2769775390625,"y":280.17132568359377,"z":-19.467409133911134},"rotation":{"x":0.02999231033027172,"y":0.01561945304274559,"z":-0.0004900722997263074,"w":0.9994477033615112},"size":365.84521484375,"orthographic":true}