{"cameraMode":{"drawMode":0,"name":"Shaded","section":"Shading Mode"},"sceneLighting":true,"audioPlay":false,"sceneViewState":{"m_AlwaysRefresh":false,"showFog":true,"showSkybox":true,"showFlares":true,"showImageEffects":true,"showParticleSystems":true,"showVisualEffectGraphs":true,"m_FxEnabled":true},"in2DMode":false,"pivot":{"x":493.96051025390627,"y":273.4400329589844,"z":-20.664306640625},"rotation":{"x":0.023998910561203958,"y":0.006311139091849327,"z":-0.000149928338942118,"w":0.9996960163116455},"size":364.4352111816406,"orthographic":true}