{"cameraMode":{"drawMode":0,"name":"Shaded","section":"Shading Mode"},"sceneLighting":true,"audioPlay":false,"sceneViewState":{"m_AlwaysRefresh":false,"showFog":true,"showSkybox":true,"showFlares":true,"showImageEffects":true,"showParticleSystems":true,"showVisualEffectGraphs":true,"m_FxEnabled":true},"in2DMode":false,"pivot":{"x":-2.077824115753174,"y":-0.4443042278289795,"z":1.1017084121704102},"rotation":{"x":-0.17496739327907563,"y":0.21574465930461884,"z":-0.03932623565196991,"w":-0.9598329663276672},"size":6.937516689300537,"orthographic":false}