{"cameraMode":{"drawMode":0,"name":"Shaded","section":"Shading Mode"},"sceneLighting":true,"audioPlay":false,"sceneViewState":{"m_AlwaysRefresh":false,"showFog":true,"showSkybox":true,"showFlares":true,"showImageEffects":true,"showParticleSystems":true,"showVisualEffectGraphs":true,"m_FxEnabled":true},"in2DMode":false,"pivot":{"x":1838.890869140625,"y":1023.4127197265625,"z":480.7469482421875},"rotation":{"x":0.04048986732959747,"y":-0.0068659489043056969,"z":0.0002763692755252123,"w":0.9991765022277832},"size":913.5167236328125,"orthographic":false}