{"cameraMode":{"drawMode":0,"name":"Shaded","section":"Shading Mode"},"sceneLighting":true,"audioPlay":false,"sceneViewState":{"m_AlwaysRefresh":false,"showFog":true,"showSkybox":true,"showFlares":true,"showImageEffects":true,"showParticleSystems":true,"showVisualEffectGraphs":true,"m_FxEnabled":true},"in2DMode":false,"pivot":{"x":43.358314514160159,"y":0.787987232208252,"z":3.4648666381835939},"rotation":{"x":0.6776485443115234,"y":0.033503495156764987,"z":-0.03095250576734543,"w":0.7340004444122315},"size":3.954024076461792,"orthographic":false}