{"cameraMode":{"drawMode":0,"name":"Shaded","section":"Shading Mode"},"sceneLighting":true,"audioPlay":false,"sceneViewState":{"m_AlwaysRefresh":false,"showFog":true,"showSkybox":true,"showFlares":true,"showImageEffects":true,"showParticleSystems":true,"showVisualEffectGraphs":true,"m_FxEnabled":true},"in2DMode":false,"pivot":{"x":3.2557528018951418,"y":0.9905867576599121,"z":2.682356357574463},"rotation":{"x":-0.35280656814575198,"y":-0.07684844732284546,"z":0.02894585393369198,"w":-0.9321677088737488},"size":3.1093039512634279,"orthographic":false}