{"cameraMode":{"drawMode":0,"name":"Shaded","section":"Shading Mode"},"sceneLighting":true,"audioPlay":false,"sceneViewState":{"m_AlwaysRefresh":false,"showFog":true,"showSkybox":true,"showFlares":true,"showImageEffects":true,"showParticleSystems":true,"showVisualEffectGraphs":true,"m_FxEnabled":true},"in2DMode":false,"pivot":{"x":516.6576538085938,"y":166.14007568359376,"z":-31.149995803833009},"rotation":{"x":0.05397508665919304,"y":0.0018106153002008796,"z":-0.00009545811190037057,"w":0.9985427856445313},"size":244.533447265625,"orthographic":true}