{"cameraMode":{"drawMode":0,"name":"Shaded","section":"Shading Mode"},"sceneLighting":true,"audioPlay":false,"sceneViewState":{"m_AlwaysRefresh":false,"showFog":true,"showSkybox":true,"showFlares":true,"showImageEffects":true,"showParticleSystems":true,"showVisualEffectGraphs":true,"m_FxEnabled":true},"in2DMode":false,"pivot":{"x":453.2222900390625,"y":336.24127197265627,"z":-3.1649322509765627},"rotation":{"x":0.05547265708446503,"y":0.003308158600702882,"z":-0.00018135100253857672,"w":0.998457133769989},"size":523.2495727539063,"orthographic":true}