{"cameraMode":{"drawMode":0,"name":"Shaded","section":"Shading Mode"},"sceneLighting":true,"audioPlay":false,"sceneViewState":{"m_AlwaysRefresh":false,"showFog":true,"showSkybox":true,"showFlares":true,"showImageEffects":true,"showParticleSystems":true,"showVisualEffectGraphs":true,"m_FxEnabled":true},"in2DMode":false,"pivot":{"x":5.205594062805176,"y":-3.661823034286499,"z":4.6674723625183109},"rotation":{"x":-0.3496006429195404,"y":-0.027539456263184549,"z":0.010284963063895703,"w":-0.9364287257194519},"size":10.57135009765625,"orthographic":false}