{"cameraMode":{"drawMode":0,"name":"Shaded","section":"Shading Mode"},"sceneLighting":true,"audioPlay":false,"sceneViewState":{"m_AlwaysRefresh":false,"showFog":true,"showSkybox":true,"showFlares":true,"showImageEffects":true,"showParticleSystems":true,"showVisualEffectGraphs":true,"m_FxEnabled":true},"in2DMode":false,"pivot":{"x":455.91339111328127,"y":235.97750854492188,"z":235.39190673828126},"rotation":{"x":-0.12895575165748597,"y":-0.00565791130065918,"z":0.0006774289649911225,"w":-0.9917271137237549},"size":398.6622619628906,"orthographic":false}