{"cameraMode":{"drawMode":0,"name":"Shaded","section":"Shading Mode"},"sceneLighting":true,"audioPlay":false,"sceneViewState":{"m_AlwaysRefresh":false,"showFog":true,"showSkybox":true,"showFlares":true,"showImageEffects":true,"showParticleSystems":true,"showVisualEffectGraphs":true,"m_FxEnabled":true},"in2DMode":false,"pivot":{"x":139.5271453857422,"y":467.24176025390627,"z":39.43852996826172},"rotation":{"x":0.05397508665919304,"y":0.0018106153002008796,"z":-0.00009545811190037057,"w":0.9985427856445313},"size":121.62083435058594,"orthographic":true}