{"cameraMode":{"drawMode":0,"name":"Shaded","section":"Shading Mode"},"sceneLighting":false,"audioPlay":false,"sceneViewState":{"m_AlwaysRefresh":false,"showFog":true,"showSkybox":false,"showFlares":true,"showImageEffects":true,"showParticleSystems":true,"showVisualEffectGraphs":true,"m_FxEnabled":true},"in2DMode":false,"pivot":{"x":-0.13920962810516358,"y":-0.8326902389526367,"z":-1.41302490234375},"rotation":{"x":-0.30573397874832156,"y":0.025960955768823625,"z":-0.008443248458206654,"w":-0.9518071413040161},"size":4.974717140197754,"orthographic":false}