{"cameraMode":{"drawMode":0,"name":"Shaded","section":"Shading Mode"},"sceneLighting":false,"audioPlay":false,"sceneViewState":{"m_AlwaysRefresh":false,"showFog":true,"showSkybox":false,"showFlares":true,"showImageEffects":true,"showParticleSystems":true,"showVisualEffectGraphs":true,"m_FxEnabled":true},"in2DMode":false,"pivot":{"x":-0.27740520238876345,"y":0.9106011390686035,"z":0.42856502532958987},"rotation":{"x":-0.2641546130180359,"y":-0.002628014190122485,"z":0.0006249190191738308,"w":-0.964557945728302},"size":5.369946479797363,"orthographic":false}