{"cameraMode":{"drawMode":0,"name":"Shaded","section":"Shading Mode"},"sceneLighting":false,"audioPlay":false,"sceneViewState":{"m_AlwaysRefresh":false,"showFog":true,"showSkybox":false,"showFlares":true,"showImageEffects":true,"showParticleSystems":true,"showVisualEffectGraphs":true,"m_FxEnabled":true},"in2DMode":false,"pivot":{"x":404.86871337890627,"y":373.24798583984377,"z":-700.9664306640625},"rotation":{"x":-0.0006361467530950904,"y":-0.7058318853378296,"z":0.0006338285747915506,"w":-0.7083844542503357},"size":0.21290014684200288,"orthographic":true}