{"cameraMode":{"drawMode":0,"name":"Shaded","section":"Shading Mode"},"sceneLighting":false,"audioPlay":false,"sceneViewState":{"m_AlwaysRefresh":false,"showFog":true,"showSkybox":false,"showFlares":true,"showImageEffects":true,"showParticleSystems":true,"showVisualEffectGraphs":true,"m_FxEnabled":true},"in2DMode":false,"pivot":{"x":404.8625793457031,"y":373.227294921875,"z":-700.9678344726563},"rotation":{"x":-0.014998831786215306,"y":0.0014996400568634272,"z":0.00002264211252622772,"w":0.999886691570282},"size":0.1869422346353531,"orthographic":true}