{"cameraMode":{"drawMode":0,"name":"Shaded","section":"Shading Mode"},"sceneLighting":false,"audioPlay":false,"sceneViewState":{"m_AlwaysRefresh":false,"showFog":true,"showSkybox":false,"showFlares":true,"showImageEffects":true,"showParticleSystems":true,"showVisualEffectGraphs":true,"m_FxEnabled":true},"in2DMode":false,"pivot":{"x":-17.081512451171876,"y":0.3835863769054413,"z":-15.624472618103028},"rotation":{"x":-0.16093884408473969,"y":-0.7003352642059326,"z":0.16692794859409333,"w":-0.6751262545585632},"size":0.8318507671356201,"orthographic":false}