{"cameraMode":{"drawMode":0,"name":"Shaded","section":"Shading Mode"},"sceneLighting":false,"audioPlay":false,"sceneViewState":{"m_AlwaysRefresh":false,"showFog":true,"showSkybox":false,"showFlares":true,"showImageEffects":true,"showParticleSystems":true,"showVisualEffectGraphs":true,"m_FxEnabled":true},"in2DMode":false,"pivot":{"x":-0.008054912090301514,"y":0.25861841440200808,"z":-0.003560364246368408},"rotation":{"x":-0.09392903000116348,"y":0.6944050192832947,"z":-0.09219963103532791,"w":-0.7074486017227173},"size":1.1692216396331788,"orthographic":false}