{"cameraMode":{"drawMode":0,"name":"Shaded","section":"Shading Mode"},"sceneLighting":false,"audioPlay":false,"sceneViewState":{"m_AlwaysRefresh":false,"showFog":true,"showSkybox":false,"showFlares":true,"showImageEffects":true,"showParticleSystems":true,"showVisualEffectGraphs":true,"m_FxEnabled":true},"in2DMode":false,"pivot":{"x":-29.406795501708986,"y":0.18312007188796998,"z":33.24882507324219},"rotation":{"x":0.3323594331741333,"y":0.19331057369709016,"z":-0.06979785859584809,"w":0.9204900860786438},"size":0.48709189891815188,"orthographic":false}