{"cameraMode":{"drawMode":0,"name":"Shaded","section":"Shading Mode"},"sceneLighting":false,"audioPlay":false,"sceneViewState":{"m_AlwaysRefresh":false,"showFog":true,"showSkybox":false,"showFlares":true,"showImageEffects":true,"showParticleSystems":true,"showVisualEffectGraphs":true,"m_FxEnabled":true},"in2DMode":false,"pivot":{"x":-29.56960105895996,"y":0.4998834431171417,"z":33.00688171386719},"rotation":{"x":0.015403900295495987,"y":0.9713615775108337,"z":-0.06566616892814636,"w":0.22784551978111268},"size":0.18377086520195008,"orthographic":true}